timestamp,rss_mb,vsz_mb,cpu_pct
23:14:49,247.62,10085.07,17.7
23:14:50,247.62,10085.07,17
23:14:51,247.62,10085.07,16.4
23:14:52,247.62,10085.07,15.8
23:14:53,247.62,10085.07,15.2
23:14:54,247.62,10085.07,14.7
23:14:55,247.62,10085.07,14.2
23:14:56,247.62,10085.07,13.8
23:14:57,247.62,10085.07,13.4
23:14:58,247.62,10085.07,13
23:14:59,247.62,10085.07,12.6
23:15:00,247.74,10085.07,12.3
23:15:01,247.74,10085.07,11.9
23:15:02,247.74,10085.07,11.6
23:15:03,247.74,10085.07,11.3
23:15:04,247.74,10085.07,11
23:15:05,247.74,10085.07,10.8
23:15:06,247.74,10085.07,10.5
23:15:07,247.74,10085.07,10.3
23:15:08,247.74,10085.07,10
23:15:09,247.74,10085.07,9.8
23:15:10,247.74,10085.07,9.6
23:15:11,247.74,10085.07,9.4
23:15:12,247.74,10085.07,9.2
23:15:13,247.74,10085.07,9
23:15:14,249.09,10085.07,9.6
23:15:15,249.22,10085.59,10.3
23:15:16,249.3,10085.09,10.8
23:15:17,249.54,10085.09,11.3
23:15:18,249.72,10085.34,11.7
23:15:19,249.96,10085.34,12.1
23:15:20,256.31,10084.91,12.6
23:15:21,256.43,10084.91,12.9
23:15:22,256.52,10084.91,13.2
23:15:23,257.32,10084.91,13.4
23:15:24,257.56,10084.91,13.7
23:15:25,259,10084.91,13.9
23:15:26,260.26,10084.66,14.3
23:15:27,270.27,10084.66,14.4
23:15:29,279.94,10084.66,14.6
23:15:29,280.07,10084.66,14.8
23:15:30,280.21,10084.66,15.1
23:15:31,280.28,10084.66,15.2
23:15:32,280.3,10084.66,15.4
23:15:33,280.33,10084.66,15.5
23:15:34,280.37,10084.66,15.8
23:15:35,280.38,10084.66,16
23:15:36,280.52,10084.66,16.2
23:15:37,280.63,10084.66,16.3
23:15:38,280.64,10084.66,16.6
23:15:39,280.64,10084.66,16.7
23:15:40,280.71,10084.66,16.8
23:15:41,280.79,10089.41,17
23:15:43,280.79,10089.41,18.2
23:15:44,280.79,10089.41,19.3
23:15:44,280.79,10089.41,20.3
23:15:46,280.79,10089.41,21.3
23:15:47,280.79,10089.41,22.3
23:15:47,280.8,10089.41,23.2
23:15:49,280.8,10089.41,24.1
23:15:50,280.8,10089.41,24.9
23:15:51,280.81,10089.41,25.8
23:15:52,280.81,10089.41,26.7
23:15:53,280.81,10089.41,27.6
23:15:54,280.81,10089.41,28.5
23:15:55,280.81,10089.41,29.4
23:15:56,280.81,10089.41,29.8
23:15:57,280.81,10089.41,30.2
23:15:58,280.81,10089.41,30.8
23:15:58,280.84,10089.66,31.2
23:16:00,280.84,10089.66,31.9
23:16:00,280.85,10089.66,32.7
23:16:02,280.85,10089.66,33.4
23:16:03,281.11,10089.91,34.2
23:16:04,281.36,10090.16,34.9
23:16:05,281.64,10090.41,35.6
23:16:06,281.89,10090.66,36.3
23:16:07,281.89,10090.66,37
23:16:08,282.42,10091.16,37.6
23:16:09,282.43,10091.16,38.1
23:16:10,282.68,10091.41,38.6
23:16:11,283.18,10091.91,39.2
23:16:12,283.43,10092.16,39.8
23:16:13,283.63,10092.41,40.4
23:16:14,283.63,10092.41,40.9
23:16:15,283.63,10092.41,41.3
23:16:16,284.02,10092.91,41.9
23:16:17,284.03,10092.91,42.4
23:16:18,284.28,10093.16,42.7
23:16:19,284.3,10093.16,43.1
23:16:20,284.56,10093.41,43.5
23:16:21,284.91,10093.91,43.9
23:16:22,284.92,10093.66,44.3
23:16:23,285.06,10093.91,44.6
23:16:24,285.82,10094.66,45
23:16:25,286.07,10094.91,45.3
23:16:26,286.32,10095.16,45.7
23:16:27,286.59,10095.41,46.1
23:16:28,286.98,10095.41,46.3
23:16:29,287.23,10095.66,46.6
23:16:30,287.98,10096.41,46.9
23:16:31,288.98,10097.41,47.3
23:16:32,288.99,10097.41,47.6
23:16:33,289,10097.41,47.9
23:16:34,289.02,10097.41,48.3
23:16:35,289.04,10097.41,48.6
23:16:36,289.04,10097.41,49
23:16:37,289.3,10097.66,49.4
23:16:38,289.55,10097.91,49.6
23:16:39,290.06,10098.66,49.9
23:16:40,291.3,10099.66,50.1
23:16:41,291.57,10099.91,50.5
23:16:42,292.08,10100.41,50.8
23:16:43,292.14,10100.41,51.1
23:16:44,292.14,10100.41,51.4
23:16:45,292.15,10100.41,51.8
23:16:46,292.79,10100.91,52
23:16:47,293.09,10101.41,52.3
23:16:48,293.6,10101.91,52.4
23:16:49,293.68,10101.91,52.5
23:16:50,293.67,10101.91,52.6
23:16:51,293.93,10102.16,52.5
23:16:52,293.93,10102.16,52.5
23:16:53,293.93,10102.41,52.4
23:16:54,300.52,10103.41,52.5
23:16:55,301.28,10104.16,52.7
23:16:56,301.79,10104.66,52.7
23:16:57,302.04,10104.91,52.6
23:16:58,302.54,10105.41,52.7
23:16:59,303.55,10106.41,52.9
23:17:00,304.08,10106.91,53
23:17:01,304.87,10107.66,53.1
23:17:02,304.88,10107.66,53.2
23:17:03,305,10107.91,53.3
23:17:04,305.3,10108.41,53.5
23:17:05,306.3,10109.41,53.6
23:17:06,307.05,10110.16,53.6
23:17:07,307.8,10110.91,53.8
23:17:08,308.3,10111.41,53.8
23:17:09,308.8,10111.91,54.1
23:17:10,309.8,10112.91,54.3
23:17:11,310.05,10113.16,54.3
23:17:12,310.05,10113.16,54.4
23:17:13,310.05,10113.16,54.7
23:17:14,310.55,10113.41,54.9
23:17:15,310.55,10113.41,54.9
23:17:16,310.55,10113.41,55.1
23:17:17,310.8,10113.66,55.2
23:17:18,310.8,10113.66,55.3
23:17:19,311.05,10114.16,55.4
23:17:20,311.55,10114.66,55.5
23:17:21,311.55,10114.66,55.7
23:17:22,311.55,10114.66,55.7
23:17:23,311.55,10114.66,55.9
23:17:24,311.55,10114.66,56
23:17:25,311.4,10114.66,56
23:17:26,311.4,10114.66,56.2
23:17:27,311.4,10114.66,56.3
23:17:28,311.9,10115.16,56.3
23:17:29,312.65,10115.91,56.5
23:17:30,313.15,10116.41,56.5
23:17:31,313.68,10117.16,56.6
23:17:32,313.94,10117.41,56.7
23:17:33,313.95,10117.41,56.7
23:17:34,313.95,10117.41,56.7
23:17:35,320.98,10118.66,56.9
23:17:36,321.77,10119.41,57
23:17:37,322.52,10120.16,57.1
23:17:38,322.77,10120.41,57.1
23:17:39,322.78,10120.41,57.3
23:17:40,323.79,10121.41,57.4
23:17:41,324.29,10121.91,57.5
23:17:42,324.54,10122.16,57.5
23:17:43,325.18,10122.91,57.5
23:17:44,325.54,10123.16,57.6
23:17:45,326.04,10123.66,57.6
23:17:46,327.04,10124.66,57.7
23:17:47,327.54,10125.16,57.7
23:17:48,327.56,10125.16,57.8
23:17:49,328.06,10125.66,57.8
23:17:50,328.07,10125.66,57.8
23:17:51,329.07,10126.66,57.9
23:17:52,329.57,10127.16,58
23:17:53,329.57,10127.16,57.9
23:17:54,329.59,10127.16,57.9
23:17:55,329.59,10127.16,57.9
23:17:56,330.09,10127.66,58
23:17:57,330.36,10128.16,58
23:17:58,331.36,10129.16,58.1
23:17:59,331.86,10129.66,58.2
23:18:00,332.86,10130.66,58.3
23:18:01,333.4,10131.16,58.3
23:18:02,333.65,10131.41,58.3
23:18:03,334.15,10131.91,58.3
23:18:04,341.61,10132.41,58.4
23:18:05,342.36,10133.16,58.3
23:18:06,342.86,10133.66,58.4
23:18:07,343.61,10134.41,58.4
23:18:08,224.36,10002.91,58.5
23:18:09,229.16,10003.16,58.6
23:18:10,242.07,10019.16,58.6
23:18:11,244.13,10020.16,58.6
23:18:12,245.11,10020.16,58.5
23:18:13,249.14,10053.16,58.6
23:18:14,259.34,10053.66,58.6
23:18:15,265.62,10053.91,58.6
23:18:16,265.61,10053.91,58.6
23:18:17,265.61,10053.91,58.7
23:18:18,265.61,10053.91,58.7
23:18:19,265.62,10053.91,58.7
23:18:20,265.62,10053.91,58.4
23:18:21,265.62,10053.91,58.2
23:18:22,265.62,10053.91,58
23:18:23,265.62,10053.91,57.7
23:18:24,265.64,10054.16,57.6
23:18:25,265.64,10054.16,57.4
23:18:26,265.64,10054.16,57.1
23:18:27,265.64,10054.16,56.9
23:18:28,265.64,10054.16,56.7
23:18:29,265.64,10054.16,56.5
23:18:30,265.36,10054.16,56.2
23:18:31,265.32,10053.91,56.2
23:18:32,265.32,10053.91,56.3
23:18:33,265.32,10053.91,56.3
23:18:34,265.32,10053.91,56.4
23:18:35,265.32,10053.91,56.4
23:18:36,266.04,10053.91,56.5
23:18:37,266.34,10054.16,56.6
23:18:38,266.13,10053.91,56.6
23:18:39,266.13,10053.91,56.7
23:18:40,266.13,10053.91,56.7
23:18:41,266.13,10053.91,56.8
23:18:42,266.13,10053.91,56.8
23:18:43,266.13,10053.91,56.7
23:18:44,266.13,10053.91,56.5
23:18:45,266.13,10053.91,56.3
23:18:46,266.13,10053.91,56.1
23:18:47,266.13,10053.91,55.9
23:18:48,266.13,10053.91,55.7
23:18:49,266.13,10053.91,55.5
23:18:50,266.13,10053.91,55.3
23:18:51,266.13,10053.91,55.3
23:18:52,267.09,10114.91,55.3
23:18:53,267.09,10114.91,55.2
23:18:54,267.09,10114.91,55
23:18:55,268.91,10116.43,54.9
23:18:56,276.83,10116.43,54.9
23:18:57,300.94,10116.94,55.1
23:18:58,304.89,10115.67,55.1
23:18:59,305.39,10116.18,55.1
23:19:00,333.71,10119.21,55.1
23:19:01,339.85,10117.43,55.2
23:19:02,341.39,10118.95,55.2
23:19:03,341.03,10117.93,55.3
23:19:04,346.59,10117.93,55.4
23:19:05,348.62,10119.96,55.4
23:19:06,345.57,10116.92,55.5
23:19:07,345.57,10116.92,55.5
23:19:08,347.1,10118.44,55.5
23:19:09,345.07,10116.41,55.5
23:19:10,347.61,10118.95,55.5
23:19:11,348.11,10119.46,55.6
23:19:12,347.35,10118.69,55.7
23:19:13,347.36,10118.93,55.7
23:19:14,349.45,10120.96,55.9
23:19:15,349.39,10120.96,56
23:19:16,350.01,10121.47,56.1
23:19:17,349.5,10120.96,56.3
23:19:18,346.27,10117.93,56.4
23:19:19,350.12,10121.73,56.6
23:19:20,349.42,10120.97,56.8
23:19:21,349.67,10121.22,57
23:19:22,352.76,10124.74,57.2
23:19:23,350.11,10121.95,57.4
23:19:24,350.01,10121.95,57.6
23:19:25,350.07,10121.95,57.7
23:19:26,350.28,10121.95,57.9
23:19:27,348.26,10119.92,58.1
23:19:28,349.79,10121.44,58.3
23:19:29,349.82,10121.44,58.5
23:19:30,348.32,10119.92,58.7
23:19:31,351.38,10122.96,58.8
23:19:32,348.33,10119.92,59
23:19:33,349.87,10121.44,59.1
23:19:34,349.31,10120.93,59.3
23:19:35,349.36,10120.93,59.5
23:19:36,350.39,10122.18,59.7
23:19:37,352.72,10124.47,59.9
23:19:38,349.78,10121.42,60.1
23:19:39,350.17,10121.67,60.2
23:19:40,351.31,10122.93,60.4
23:19:41,350.98,10122.68,60.6
23:19:42,354.54,10125.97,60.8
23:19:43,354.73,10126.47,61
23:19:44,354.3,10125.96,61.2
23:19:45,351.52,10123.17,61.4
23:19:46,354.49,10125.96,61.6
23:19:47,350.98,10122.41,61.8
23:19:48,354.76,10126.71,61.9
23:19:49,354.87,10126.21,62.1
23:19:50,353.85,10125.2,62.3
23:19:51,354.12,10125.7,62.4
23:19:52,355.89,10127.47,62.6
23:19:53,355.61,10126.96,62.8
23:19:54,353.92,10125.43,63
23:19:55,355.13,10126.45,63.1
23:19:56,353.09,10124.42,63.2
23:19:57,356.1,10128.19,63.3
23:19:58,355.4,10127.42,63.5
23:19:59,355.65,10127.67,63.6
23:20:00,356.15,10128.17,63.7
23:20:01,358.69,10130.71,63.8
23:20:02,356.91,10128.93,63.9
23:20:03,357.44,10129.18,64
23:20:04,357.84,10129.44,64.1
23:20:05,358.63,10130.45,64.1
23:20:06,356.85,10128.68,64.2
23:20:07,358.88,10130.71,64.3
23:20:08,357.89,10129.69,64.4
23:20:09,357.12,10128.68,64.5
23:20:10,357.13,10128.68,64.6
23:20:11,358.65,10130.2,64.7
23:20:12,359.66,10131.21,64.7
23:20:13,359.16,10130.71,64.7
23:20:14,359.66,10131.21,64.7
23:20:15,360.17,10131.72,64.7
23:20:16,358.66,10130.2,64.7
23:20:17,360.18,10131.72,64.7
23:20:18,360.18,10131.72,64.8
23:20:19,356.56,10127.92,64.8
23:20:20,357.07,10128.68,64.9
23:20:21,359.66,10131.21,65
23:20:22,357.88,10129.44,65
23:20:23,359.66,10131.21,64.9
23:20:24,359.66,10131.21,64.8
23:20:25,357.66,10129.43,64.7
23:20:26,356.4,10128.16,64.6
23:20:27,356.66,10128.42,64.5
23:20:28,357.67,10129.43,64.5
23:20:29,358.11,10129.69,64.4
23:20:30,358.11,10129.69,64.4
23:20:31,359.13,10130.71,64.4
23:20:32,357.1,10128.68,64.4
23:20:33,359.9,10131.46,64.4
23:20:34,356.58,10128.16,64.4
23:20:35,360.14,10131.71,64.3
23:20:36,358.88,10130.45,64.4
23:20:37,360.69,10132.22,64.4
23:20:38,358.91,10130.45,64.5
23:20:39,359.68,10131.21,64.5
23:20:40,360.18,10131.71,64.5
23:20:41,359.92,10131.46,64.5
23:20:42,360.14,10131.71,64.7
23:20:43,357.63,10128.92,64.7
23:20:44,361.16,10132.22,64.7
23:20:45,359.13,10130.19,64.7
23:20:46,360.16,10131.21,64.8
23:20:47,360.59,10131.46,64.9
23:20:48,361.36,10132.47,64.9
23:20:49,361.36,10132.47,64.9
23:20:50,358.33,10129.43,64.9
23:20:51,357.82,10128.92,64.9
23:20:52,361.38,10132.47,64.9
23:20:53,358.59,10129.68,64.9
23:20:54,361.38,10132.47,65
23:20:55,357.82,10128.92,65
23:20:56,361.38,10132.47,65
23:20:57,358.22,10129.42,64.9
23:20:58,358.32,10129.42,65
23:20:59,359.08,10130.17,65
23:21:00,359.58,10130.67,65
23:21:01,359.58,10130.67,65
23:21:02,359.58,10130.67,64.9
23:21:03,359.58,10130.67,64.9
23:21:04,360.09,10131.18,65
23:21:05,360.34,10131.67,65
23:21:06,360.84,10132.17,65.1
23:21:07,361.09,10132.42,65.1
23:21:08,361.09,10132.42,65
23:21:09,361.09,10132.42,65
23:21:10,361.09,10132.42,65.1
23:21:11,361.09,10132.42,65.1
23:21:12,360.58,10131.91,65.1
23:21:13,361.85,10133.18,65.1
23:21:14,361.09,10132.42,65
23:21:15,361.09,10132.42,65
23:21:16,361.34,10132.67,65
23:21:17,361.09,10132.42,65.1
23:21:18,361.08,10132.42,65.1
23:21:19,361.08,10132.42,65.2
23:21:20,363.11,10134.45,65.2
23:21:21,362.6,10133.94,65.2
23:21:22,361.59,10132.93,65.3
23:21:23,362.71,10133.94,65.3
23:21:24,362.2,10133.43,65.4
23:21:25,364.77,10135.97,65.4
23:21:26,363.24,10134.45,65.5
23:21:27,362.24,10133.43,65.5
23:21:28,363.76,10134.96,65.6
23:21:29,363.76,10134.96,65.6
23:21:30,365.04,10136.23,65.7
23:21:31,364.82,10135.97,65.8
23:21:32,360.76,10131.91,65.8
23:21:33,361.78,10132.93,65.9
23:21:34,361.17,10132.42,66
23:21:35,362.3,10133.43,66.1
23:21:36,364.45,10135.46,66.1
23:21:37,363.94,10134.96,66.2
23:21:38,363.43,10134.45,66.3
23:21:39,364.93,10135.97,66.4
23:21:40,364.97,10136.22,66.5
23:21:41,361.82,10132.68,66.5
23:21:42,364.91,10135.97,66.6
23:21:43,362.38,10133.43,66.7
23:21:44,362.12,10133.18,66.8
23:21:45,362.88,10133.94,66.9
23:21:46,364.91,10135.97,66.9
23:21:47,360.85,10131.91,67
23:21:48,365.42,10136.48,67.1
23:21:49,362.88,10133.94,67.2
23:21:50,362.88,10133.94,67.3
23:21:51,363.73,10134.96,67.3
23:21:52,363.39,10134.45,67.4
23:21:53,361.87,10132.93,67.5
23:21:54,364.92,10135.97,67.6
23:21:55,362.38,10133.43,67.7
23:21:56,362.89,10133.94,67.6
23:21:57,362.89,10133.94,67.6
23:21:58,362.38,10133.43,67.6
23:21:59,361.62,10132.67,67.6
23:22:00,361.62,10132.67,67.6
23:22:01,362.11,10133.17,67.6
23:22:02,362.87,10133.93,67.6
23:22:03,362.36,10133.42,67.5
23:22:04,362.36,10133.42,67.5
23:22:05,362.11,10133.16,67.5
23:22:06,361.86,10132.91,67.5
23:22:07,362.36,10133.42,67.5
23:22:08,362.87,10133.93,67.5
23:22:09,362.36,10133.42,67.5
23:22:10,361.86,10132.91,67.5
23:22:11,362.36,10133.42,67.5
23:22:12,362.87,10133.93,67.4
23:22:13,362.62,10133.67,67.4
23:22:14,362.11,10133.16,67.4
23:22:15,362.36,10133.42,67.4
23:22:16,362.87,10133.93,67.4
23:22:17,364.38,10135.44,67.4
23:22:18,301.61,10075.66,67.4
23:22:19,237.46,10015.2,67.3
23:22:20,240.63,10025.17,67.3
23:22:21,252.45,10025.93,67.2
23:22:22,254.62,10058.93,67.2
23:22:23,254.12,10058.42,67.1
23:22:24,255.81,10058.42,67.1
23:22:25,255.3,10057.91,67.1
23:22:26,256.07,10058.68,67.1
23:22:27,261.51,10120.66,67.1
23:22:28,261.52,10120.91,67
23:22:29,261.59,10121.16,67.1
23:22:30,261.6,10121.16,67
23:22:31,261.61,10121.16,67
23:22:32,264.32,10121.16,66.9
23:22:33,270.08,10121.16,66.9
23:22:34,288.1,10121.16,66.9
23:22:35,294.39,10121.16,66.8
23:22:36,294.39,10121.16,66.8
23:22:37,303.95,10121.16,66.8
23:22:38,304.46,10121.66,66.7
23:22:39,328.28,10121.91,66.7
23:22:40,328.28,10121.91,66.7
23:22:41,332.24,10121.91,66.6
23:22:42,332.52,10122.16,66.7
23:22:43,334.05,10123.16,66.7
23:22:44,342.86,10125.16,66.6
23:22:45,342.87,10125.16,66.6
23:22:46,344.49,10125.16,66.5
23:22:47,349.59,10125.41,66.5
23:22:48,349.66,10125.41,66.5
23:22:49,349.66,10125.41,66.4
23:22:50,349.66,10125.41,66.4
23:22:51,349.66,10125.41,66.4
23:22:52,352.81,10125.41,66.4
23:22:53,352.81,10125.41,66.4
23:22:54,352.82,10125.66,66.4
23:22:55,352.86,10125.66,66.4
23:22:56,352.86,10125.66,66.4
23:22:57,352.81,10125.41,66.3
23:22:58,352.88,10125.41,66.3
23:22:59,352.88,10125.41,66.2
23:23:00,352.88,10125.41,66.2
23:23:01,352.89,10125.41,66.2
23:23:02,352.9,10125.41,66.2
23:23:03,352.93,10125.41,66.3
23:23:04,352.98,10125.41,66.3
23:23:05,353,10125.41,66.2
23:23:06,353.02,10125.41,66.2
23:23:07,355.07,10126.66,66.2
23:23:08,355.07,10126.66,66.2
23:23:09,355.07,10126.66,66.2
23:23:10,355.07,10126.66,66.1
23:23:11,355.07,10126.66,66.1
23:23:12,355.07,10126.66,66.1
23:23:13,355.07,10126.66,66
23:23:14,355.09,10126.66,66
23:23:15,355.09,10126.66,66
23:23:16,355.09,10126.66,66
23:23:17,355.09,10126.66,66
23:23:18,355.09,10126.66,66
23:23:19,355.09,10126.66,66
23:23:20,356.09,10127.66,66
23:23:21,356.34,10127.91,66
23:23:22,356.59,10128.16,66
23:23:23,356.59,10128.16,66
23:23:24,356.59,10128.16,66
23:23:25,356.59,10128.16,66
23:23:26,356.59,10128.16,66
23:23:27,356.59,10128.16,65.9
23:23:28,356.59,10128.16,65.9
23:23:29,356.59,10128.16,65.9
23:23:30,356.59,10128.16,65.8
23:23:31,357.09,10128.91,65.9
23:23:32,357.09,10129.16,65.9
23:23:33,357.36,10130.41,65.9
23:23:34,359.62,10133.41,65.9
23:23:35,359.62,10133.41,65.9
23:23:36,359.62,10133.41,65.8
23:23:37,359.62,10133.41,65.6
23:23:38,359.62,10133.41,65.5
23:23:39,359.62,10133.41,65.4
23:23:40,359.62,10133.41,65.3
23:23:41,359.62,10133.41,65.2
23:23:42,359.62,10133.41,65.1
23:23:43,359.62,10133.41,65
23:23:44,359.62,10133.41,64.8
23:23:45,359.62,10133.41,64.7
23:23:46,359.62,10133.41,64.6
23:23:47,359.62,10133.41,64.5
23:23:48,359.62,10133.41,64.4
23:23:49,359.62,10133.41,64.3
23:23:50,359.62,10133.41,64.2
23:23:51,359.62,10133.41,64.1
23:23:52,359.62,10133.41,63.9
23:23:53,359.62,10133.41,63.8
23:23:54,359.62,10133.41,63.7
23:23:55,359.62,10133.41,63.6
23:23:56,359.62,10133.41,63.5
23:23:57,359.62,10133.41,63.4
